{"cameraMode":{"drawMode":0,"name":"Shaded","section":"Shading Mode"},"sceneLighting":true,"audioPlay":false,"sceneViewState":{"m_AlwaysRefresh":false,"showFog":true,"showSkybox":true,"showFlares":true,"showImageEffects":true,"showParticleSystems":true,"showVisualEffectGraphs":true,"m_FxEnabled":true},"in2DMode":false,"pivot":{"x":175.17269897460938,"y":104.28357696533203,"z":64.97147369384766},"rotation":{"x":-0.41339731216430666,"y":0.37552186846733096,"z":-0.19229501485824586,"w":-0.8069674968719482},"size":0.08660253882408142,"orthographic":false}