{"cameraMode":{"drawMode":0,"name":"Shaded","section":"Shading Mode"},"sceneLighting":true,"audioPlay":false,"sceneViewState":{"m_AlwaysRefresh":false,"showFog":true,"showSkybox":true,"showFlares":true,"showImageEffects":true,"showParticleSystems":true,"showVisualEffectGraphs":true,"m_FxEnabled":true},"in2DMode":false,"pivot":{"x":12.10326099395752,"y":3.275996685028076,"z":0.40534940361976626},"rotation":{"x":-0.1566055417060852,"y":0.1454847753047943,"z":-0.023330267518758775,"w":-0.9766242504119873},"size":1.5434612035751343,"orthographic":false}