{"cameraMode":{"drawMode":0,"name":"Shaded","section":"Shading Mode"},"sceneLighting":true,"audioPlay":false,"sceneViewState":{"m_AlwaysRefresh":false,"showFog":true,"showSkybox":true,"showFlares":true,"showImageEffects":true,"showParticleSystems":true,"showVisualEffectGraphs":true,"m_FxEnabled":true},"in2DMode":false,"pivot":{"x":1.0530786514282227,"y":1.3969366550445557,"z":2.3052778244018556},"rotation":{"x":0.17876626551151277,"y":-0.5832353234291077,"z":0.13348837196826936,"w":0.7810640335083008},"size":5.452195644378662,"orthographic":false}