{"cameraMode":{"drawMode":0,"name":"Shaded","section":"Shading Mode"},"sceneLighting":true,"audioPlay":false,"sceneViewState":{"m_AlwaysRefresh":false,"showFog":true,"showSkybox":false,"showFlares":true,"showImageEffects":true,"showParticleSystems":true,"showVisualEffectGraphs":true,"m_FxEnabled":true},"in2DMode":false,"pivot":{"x":-0.3919672966003418,"y":0.1360377073287964,"z":-1.0397758483886719},"rotation":{"x":0.18054042756557465,"y":-0.7168934941291809,"z":0.20141907036304475,"w":0.6425895094871521},"size":0.7309108376502991,"orthographic":false}